txn_id,branch_id,city,amount,status,date
TXN602201,BRMU03,Mumbai,3547.64,SUCCESS,2024-04-01
TXN424781,BRMU03,Mumbai,2440.43,SUCCESS,2024-04-01
TXN500151,BRMU03,Mumbai,3227.37,FAILED,2024-04-01
TXN347285,BRMU03,Mumbai,1524.08,SUCCESS,2024-04-01
TXN766983,BRMU03,Mumbai,2932.99,SUCCESS,2024-04-01
TXN514676,BRMU03,Mumbai,2464.9,FAILED,2024-04-01
TXN625338,BRMU03,Mumbai,4274.03,FAILED,2024-04-01
TXN813252,BRMU03,Mumbai,1087.36,FAILED,2024-04-01
TXN933361,BRMU03,Mumbai,225.13,FAILED,2024-04-01
TXN586676,BRMU03,Mumbai,2523.55,SUCCESS,2024-04-01
TXN757558,BRMU03,Mumbai,657.47,SUCCESS,2024-04-01
TXN200967,BRMU03,Mumbai,1715.34,SUCCESS,2024-04-01
TXN303161,BRMU03,Mumbai,597.72,FAILED,2024-04-01
TXN255083,BRMU03,Mumbai,4867.51,SUCCESS,2024-04-01
TXN303796,BRMU03,Mumbai,4855.52,SUCCESS,2024-04-01
TXN832375,BRMU03,Mumbai,3827.73,FAILED,2024-04-01
TXN622046,BRMU03,Mumbai,3387.23,FAILED,2024-04-01
TXN345391,BRMU03,Mumbai,2747.39,FAILED,2024-04-01
TXN880694,BRMU03,Mumbai,2944.2,FAILED,2024-04-01
TXN403415,BRMU03,Mumbai,1517.43,SUCCESS,2024-04-01
TXN681357,BRMU03,Mumbai,4153.97,SUCCESS,2024-04-02
TXN135739,BRMU03,Mumbai,2973.43,SUCCESS,2024-04-02
TXN584569,BRMU03,Mumbai,1869.77,SUCCESS,2024-04-02
TXN831301,BRMU03,Mumbai,4965.76,FAILED,2024-04-02
TXN105208,BRMU03,Mumbai,3326.44,FAILED,2024-04-02
TXN148551,BRMU03,Mumbai,2415.99,FAILED,2024-04-02
TXN991688,BRMU03,Mumbai,2330.27,FAILED,2024-04-02
TXN862088,BRMU03,Mumbai,629.97,SUCCESS,2024-04-02
TXN347205,BRMU03,Mumbai,482.35,FAILED,2024-04-02
TXN703884,BRMU03,Mumbai,4775.52,FAILED,2024-04-02
TXN883026,BRMU03,Mumbai,3682.49,FAILED,2024-04-02
TXN680585,BRMU03,Mumbai,910.52,FAILED,2024-04-02
TXN312504,BRMU03,Mumbai,640.19,SUCCESS,2024-04-02
TXN720433,BRMU03,Mumbai,539.76,FAILED,2024-04-02
TXN494741,BRMU03,Mumbai,1787.26,SUCCESS,2024-04-02
TXN494793,BRMU03,Mumbai,3259.24,FAILED,2024-04-02
TXN387740,BRMU03,Mumbai,1937.4,SUCCESS,2024-04-02
TXN101089,BRMU03,Mumbai,4903.87,SUCCESS,2024-04-02
TXN280224,BRMU03,Mumbai,3863.48,SUCCESS,2024-04-02
TXN528982,BRMU03,Mumbai,1407.64,FAILED,2024-04-02
TXN293490,BRMU03,Mumbai,1418.66,SUCCESS,2024-04-03
TXN770324,BRMU03,Mumbai,141.13,SUCCESS,2024-04-03
TXN237689,BRMU03,Mumbai,616.19,SUCCESS,2024-04-03
TXN790931,BRMU03,Mumbai,959.19,FAILED,2024-04-03
TXN693654,BRMU03,Mumbai,709.7,FAILED,2024-04-03
TXN376399,BRMU03,Mumbai,3376.71,SUCCESS,2024-04-03
TXN587707,BRMU03,Mumbai,4229.58,FAILED,2024-04-03
TXN902381,BRMU03,Mumbai,945.71,FAILED,2024-04-03
TXN395715,BRMU03,Mumbai,2314.73,SUCCESS,2024-04-03
TXN644800,BRMU03,Mumbai,4318.95,SUCCESS,2024-04-03
TXN460070,BRMU03,Mumbai,2297.17,FAILED,2024-04-03
TXN107916,BRMU03,Mumbai,2840.32,FAILED,2024-04-03
TXN838432,BRMU03,Mumbai,4739.0,FAILED,2024-04-03
TXN626063,BRMU03,Mumbai,1568.63,SUCCESS,2024-04-03
TXN245660,BRMU03,Mumbai,4099.67,FAILED,2024-04-03
TXN747257,BRMU03,Mumbai,3044.54,FAILED,2024-04-03
TXN477289,BRMU03,Mumbai,1514.91,SUCCESS,2024-04-03
TXN424821,BRMU03,Mumbai,4720.36,SUCCESS,2024-04-03
TXN501271,BRMU03,Mumbai,1218.6,SUCCESS,2024-04-03
TXN597126,BRMU03,Mumbai,2175.98,SUCCESS,2024-04-03
TXN605243,BRMU03,Mumbai,131.01,FAILED,2024-04-04
TXN379369,BRMU03,Mumbai,4759.89,SUCCESS,2024-04-04
TXN890544,BRMU03,Mumbai,1322.2,FAILED,2024-04-04
TXN967751,BRMU03,Mumbai,2923.86,FAILED,2024-04-04
TXN104693,BRMU03,Mumbai,1535.88,FAILED,2024-04-04
TXN262556,BRMU03,Mumbai,2413.63,FAILED,2024-04-04
TXN937405,BRMU03,Mumbai,3567.61,SUCCESS,2024-04-04
TXN174877,BRMU03,Mumbai,3947.89,FAILED,2024-04-04
TXN913365,BRMU03,Mumbai,4048.99,SUCCESS,2024-04-04
TXN111671,BRMU03,Mumbai,4762.28,FAILED,2024-04-04
TXN526140,BRMU03,Mumbai,843.73,FAILED,2024-04-04
TXN686297,BRMU03,Mumbai,2581.36,SUCCESS,2024-04-04
TXN701830,BRMU03,Mumbai,1345.56,FAILED,2024-04-04
TXN519465,BRMU03,Mumbai,3079.47,FAILED,2024-04-04
TXN589897,BRMU03,Mumbai,1355.03,FAILED,2024-04-04
TXN957340,BRMU03,Mumbai,430.64,FAILED,2024-04-04
TXN873440,BRMU03,Mumbai,3539.6,SUCCESS,2024-04-04
TXN239040,BRMU03,Mumbai,4438.21,SUCCESS,2024-04-04
TXN410270,BRMU03,Mumbai,4840.96,SUCCESS,2024-04-04
TXN615983,BRMU03,Mumbai,1701.01,SUCCESS,2024-04-04
TXN911796,BRMU03,Mumbai,1679.55,SUCCESS,2024-04-05
TXN114035,BRMU03,Mumbai,2773.15,SUCCESS,2024-04-05
TXN856105,BRMU03,Mumbai,1396.65,SUCCESS,2024-04-05
TXN206910,BRMU03,Mumbai,188.88,SUCCESS,2024-04-05
TXN837450,BRMU03,Mumbai,4596.09,FAILED,2024-04-05
TXN959315,BRMU03,Mumbai,788.65,FAILED,2024-04-05
TXN661781,BRMU03,Mumbai,256.35,FAILED,2024-04-05
TXN930353,BRMU03,Mumbai,3128.05,FAILED,2024-04-05
TXN896147,BRMU03,Mumbai,2149.87,SUCCESS,2024-04-05
TXN385416,BRMU03,Mumbai,521.41,FAILED,2024-04-05
TXN646498,BRMU03,Mumbai,756.62,FAILED,2024-04-05
TXN322306,BRMU03,Mumbai,568.26,FAILED,2024-04-05
TXN527465,BRMU03,Mumbai,2335.67,SUCCESS,2024-04-05
TXN485616,BRMU03,Mumbai,841.96,FAILED,2024-04-05
TXN585558,BRMU03,Mumbai,1999.11,SUCCESS,2024-04-05
TXN607362,BRMU03,Mumbai,1402.93,FAILED,2024-04-05
TXN478493,BRMU03,Mumbai,325.0,FAILED,2024-04-05
TXN213015,BRMU03,Mumbai,1061.09,SUCCESS,2024-04-05
TXN904764,BRMU03,Mumbai,2978.42,FAILED,2024-04-05
TXN320687,BRMU03,Mumbai,1618.35,FAILED,2024-04-05
TXN951818,BRMU03,Mumbai,2603.12,FAILED,2024-04-06
TXN774353,BRMU03,Mumbai,3651.04,SUCCESS,2024-04-06
TXN264277,BRMU03,Mumbai,4448.1,FAILED,2024-04-06
TXN106142,BRMU03,Mumbai,4624.79,SUCCESS,2024-04-06
TXN635330,BRMU03,Mumbai,1157.47,SUCCESS,2024-04-06
TXN734889,BRMU03,Mumbai,4826.09,FAILED,2024-04-06
TXN200972,BRMU03,Mumbai,2081.15,SUCCESS,2024-04-06
TXN305671,BRMU03,Mumbai,1307.76,FAILED,2024-04-06
TXN865970,BRMU03,Mumbai,988.92,SUCCESS,2024-04-06
TXN965345,BRMU03,Mumbai,730.15,SUCCESS,2024-04-06
TXN266308,BRMU03,Mumbai,2908.76,SUCCESS,2024-04-06
TXN396617,BRMU03,Mumbai,4926.54,SUCCESS,2024-04-06
TXN761032,BRMU03,Mumbai,2060.38,SUCCESS,2024-04-06
TXN422493,BRMU03,Mumbai,2274.69,FAILED,2024-04-06
TXN385250,BRMU03,Mumbai,2281.78,SUCCESS,2024-04-06
TXN966250,BRMU03,Mumbai,402.39,FAILED,2024-04-06
TXN736807,BRMU03,Mumbai,1757.64,SUCCESS,2024-04-06
TXN613390,BRMU03,Mumbai,1867.1,SUCCESS,2024-04-06
TXN201325,BRMU03,Mumbai,1573.29,SUCCESS,2024-04-06
TXN142834,BRMU03,Mumbai,3588.06,SUCCESS,2024-04-06
TXN592427,BRMU03,Mumbai,2222.64,FAILED,2024-04-07
TXN214055,BRMU03,Mumbai,962.28,SUCCESS,2024-04-07
TXN268267,BRMU03,Mumbai,2400.53,FAILED,2024-04-07
TXN674499,BRMU03,Mumbai,2806.84,SUCCESS,2024-04-07
TXN619796,BRMU03,Mumbai,4831.87,SUCCESS,2024-04-07
TXN727238,BRMU03,Mumbai,3721.2,SUCCESS,2024-04-07
TXN468747,BRMU03,Mumbai,1646.54,SUCCESS,2024-04-07
TXN671845,BRMU03,Mumbai,4337.0,FAILED,2024-04-07
TXN647987,BRMU03,Mumbai,3540.33,SUCCESS,2024-04-07
TXN505771,BRMU03,Mumbai,3105.07,FAILED,2024-04-07
TXN671941,BRMU03,Mumbai,4523.68,SUCCESS,2024-04-07
TXN311469,BRMU03,Mumbai,2283.33,FAILED,2024-04-07
TXN784445,BRMU03,Mumbai,934.55,FAILED,2024-04-07
TXN650005,BRMU03,Mumbai,1144.65,SUCCESS,2024-04-07
TXN831394,BRMU03,Mumbai,3451.94,SUCCESS,2024-04-07
TXN445942,BRMU03,Mumbai,1475.99,SUCCESS,2024-04-07
TXN120665,BRMU03,Mumbai,287.46,SUCCESS,2024-04-07
TXN656903,BRMU03,Mumbai,1823.16,SUCCESS,2024-04-07
TXN695495,BRMU03,Mumbai,3629.17,SUCCESS,2024-04-07
TXN543518,BRMU03,Mumbai,1126.02,FAILED,2024-04-07
TXN496598,BRMU02,Mumbai,2498.68,SUCCESS,2024-04-01
TXN987363,BRMU02,Mumbai,161.96,FAILED,2024-04-01
TXN563015,BRMU02,Mumbai,346.15,SUCCESS,2024-04-01
TXN522407,BRMU02,Mumbai,3195.13,FAILED,2024-04-01
TXN487803,BRMU02,Mumbai,3150.9,SUCCESS,2024-04-01
TXN464062,BRMU02,Mumbai,956.25,FAILED,2024-04-01
TXN474346,BRMU02,Mumbai,1303.55,FAILED,2024-04-01
TXN452494,BRMU02,Mumbai,893.02,FAILED,2024-04-01
TXN524705,BRMU02,Mumbai,1376.16,SUCCESS,2024-04-01
TXN654143,BRMU02,Mumbai,795.94,FAILED,2024-04-01
TXN669258,BRMU02,Mumbai,4082.23,FAILED,2024-04-01
TXN926889,BRMU02,Mumbai,1450.18,SUCCESS,2024-04-01
TXN424150,BRMU02,Mumbai,4258.15,SUCCESS,2024-04-01
TXN967100,BRMU02,Mumbai,3859.31,FAILED,2024-04-01
TXN325695,BRMU02,Mumbai,1609.9,SUCCESS,2024-04-01
TXN722186,BRMU02,Mumbai,3884.18,FAILED,2024-04-01
TXN243101,BRMU02,Mumbai,2307.35,FAILED,2024-04-01
TXN819291,BRMU02,Mumbai,1715.05,FAILED,2024-04-01
TXN134716,BRMU02,Mumbai,3485.34,FAILED,2024-04-01
TXN113507,BRMU02,Mumbai,2789.89,FAILED,2024-04-01
TXN345514,BRMU02,Mumbai,292.5,SUCCESS,2024-04-02
TXN219093,BRMU02,Mumbai,4024.9,FAILED,2024-04-02
TXN972641,BRMU02,Mumbai,3758.32,SUCCESS,2024-04-02
TXN418498,BRMU02,Mumbai,1159.88,SUCCESS,2024-04-02
TXN499205,BRMU02,Mumbai,810.86,SUCCESS,2024-04-02
TXN354550,BRMU02,Mumbai,1454.53,FAILED,2024-04-02
TXN893802,BRMU02,Mumbai,1370.03,SUCCESS,2024-04-02
TXN700606,BRMU02,Mumbai,1428.84,SUCCESS,2024-04-02
TXN581896,BRMU02,Mumbai,3625.2,FAILED,2024-04-02
TXN418285,BRMU02,Mumbai,2585.13,FAILED,2024-04-02
TXN361850,BRMU02,Mumbai,2644.68,SUCCESS,2024-04-02
TXN213777,BRMU02,Mumbai,2129.11,FAILED,2024-04-02
TXN189726,BRMU02,Mumbai,3521.1,SUCCESS,2024-04-02
TXN258957,BRMU02,Mumbai,1334.5,SUCCESS,2024-04-02
TXN844185,BRMU02,Mumbai,4586.49,FAILED,2024-04-02
TXN535662,BRMU02,Mumbai,4860.68,FAILED,2024-04-02
TXN298468,BRMU02,Mumbai,2080.98,SUCCESS,2024-04-02
TXN560592,BRMU02,Mumbai,2963.04,FAILED,2024-04-02
TXN499384,BRMU02,Mumbai,1684.37,FAILED,2024-04-02
TXN774681,BRMU02,Mumbai,378.32,FAILED,2024-04-02
TXN243149,BRMU02,Mumbai,3923.4,FAILED,2024-04-03
TXN406865,BRMU02,Mumbai,4564.28,SUCCESS,2024-04-03
TXN921938,BRMU02,Mumbai,462.89,FAILED,2024-04-03
TXN433417,BRMU02,Mumbai,4369.4,SUCCESS,2024-04-03
TXN735292,BRMU02,Mumbai,274.65,SUCCESS,2024-04-03
TXN286075,BRMU02,Mumbai,772.73,SUCCESS,2024-04-03
TXN554914,BRMU02,Mumbai,2989.44,FAILED,2024-04-03
TXN952926,BRMU02,Mumbai,3772.51,FAILED,2024-04-03
TXN334614,BRMU02,Mumbai,4296.95,SUCCESS,2024-04-03
TXN267684,BRMU02,Mumbai,1891.03,SUCCESS,2024-04-03
TXN386761,BRMU02,Mumbai,3814.27,SUCCESS,2024-04-03
TXN756072,BRMU02,Mumbai,3175.94,FAILED,2024-04-03
TXN332937,BRMU02,Mumbai,1135.78,FAILED,2024-04-03
TXN139355,BRMU02,Mumbai,4914.09,FAILED,2024-04-03
TXN863572,BRMU02,Mumbai,2975.63,SUCCESS,2024-04-03
TXN852920,BRMU02,Mumbai,593.9,FAILED,2024-04-03
TXN158130,BRMU02,Mumbai,4736.18,SUCCESS,2024-04-03
TXN298885,BRMU02,Mumbai,2893.71,SUCCESS,2024-04-03
TXN497383,BRMU02,Mumbai,3254.2,FAILED,2024-04-03
TXN251999,BRMU02,Mumbai,887.57,FAILED,2024-04-03
TXN293100,BRMU02,Mumbai,4081.83,FAILED,2024-04-04
TXN679707,BRMU02,Mumbai,319.22,FAILED,2024-04-04
TXN712393,BRMU02,Mumbai,3530.6,FAILED,2024-04-04
TXN293177,BRMU02,Mumbai,4721.42,SUCCESS,2024-04-04
TXN851048,BRMU02,Mumbai,2912.33,FAILED,2024-04-04
TXN123545,BRMU02,Mumbai,837.61,SUCCESS,2024-04-04
TXN891950,BRMU02,Mumbai,622.67,SUCCESS,2024-04-04
TXN463793,BRMU02,Mumbai,1865.4,SUCCESS,2024-04-04
TXN655397,BRMU02,Mumbai,2788.73,FAILED,2024-04-04
TXN980829,BRMU02,Mumbai,1086.67,FAILED,2024-04-04
TXN502542,BRMU02,Mumbai,3102.9,SUCCESS,2024-04-04
TXN810588,BRMU02,Mumbai,2359.02,FAILED,2024-04-04
TXN323781,BRMU02,Mumbai,4216.02,FAILED,2024-04-04
TXN418203,BRMU02,Mumbai,1084.36,FAILED,2024-04-04
TXN818097,BRMU02,Mumbai,4515.58,SUCCESS,2024-04-04
TXN394596,BRMU02,Mumbai,3860.49,FAILED,2024-04-04
TXN169802,BRMU02,Mumbai,4513.28,SUCCESS,2024-04-04
TXN328627,BRMU02,Mumbai,1992.89,FAILED,2024-04-04
TXN926956,BRMU02,Mumbai,2175.6,SUCCESS,2024-04-04
TXN181824,BRMU02,Mumbai,2994.89,FAILED,2024-04-04
TXN996541,BRMU02,Mumbai,118.65,SUCCESS,2024-04-05
TXN919889,BRMU02,Mumbai,4140.45,SUCCESS,2024-04-05
TXN293695,BRMU02,Mumbai,1757.76,FAILED,2024-04-05
TXN511791,BRMU02,Mumbai,459.98,FAILED,2024-04-05
TXN791239,BRMU02,Mumbai,3899.85,FAILED,2024-04-05
TXN213049,BRMU02,Mumbai,1487.53,FAILED,2024-04-05
TXN447470,BRMU02,Mumbai,4491.95,SUCCESS,2024-04-05
TXN859176,BRMU02,Mumbai,4264.9,FAILED,2024-04-05
TXN711712,BRMU02,Mumbai,224.07,SUCCESS,2024-04-05
TXN924295,BRMU02,Mumbai,1687.21,SUCCESS,2024-04-05
TXN970771,BRMU02,Mumbai,1169.88,SUCCESS,2024-04-05
TXN222493,BRMU02,Mumbai,1965.49,SUCCESS,2024-04-05
TXN423235,BRMU02,Mumbai,3834.95,SUCCESS,2024-04-05
TXN719144,BRMU02,Mumbai,1665.11,FAILED,2024-04-05
TXN752109,BRMU02,Mumbai,171.42,FAILED,2024-04-05
TXN942436,BRMU02,Mumbai,4901.26,FAILED,2024-04-05
TXN185007,BRMU02,Mumbai,2761.73,SUCCESS,2024-04-05
TXN998624,BRMU02,Mumbai,2622.66,FAILED,2024-04-05
TXN521310,BRMU02,Mumbai,846.07,FAILED,2024-04-05
TXN498763,BRMU02,Mumbai,878.36,SUCCESS,2024-04-05
TXN795007,BRMU02,Mumbai,3032.47,FAILED,2024-04-06
TXN127727,BRMU02,Mumbai,2338.92,SUCCESS,2024-04-06
TXN810895,BRMU02,Mumbai,180.68,FAILED,2024-04-06
TXN628976,BRMU02,Mumbai,4204.82,SUCCESS,2024-04-06
TXN377354,BRMU02,Mumbai,1436.99,FAILED,2024-04-06
TXN618274,BRMU02,Mumbai,1583.19,SUCCESS,2024-04-06
TXN242760,BRMU02,Mumbai,1574.51,FAILED,2024-04-06
TXN662549,BRMU02,Mumbai,4092.09,SUCCESS,2024-04-06
TXN382833,BRMU02,Mumbai,1124.9,FAILED,2024-04-06
TXN345482,BRMU02,Mumbai,463.73,FAILED,2024-04-06
TXN360081,BRMU02,Mumbai,1700.96,SUCCESS,2024-04-06
TXN481497,BRMU02,Mumbai,1368.67,SUCCESS,2024-04-06
TXN680448,BRMU02,Mumbai,3891.39,FAILED,2024-04-06
TXN498941,BRMU02,Mumbai,1151.47,SUCCESS,2024-04-06
TXN178674,BRMU02,Mumbai,1864.24,FAILED,2024-04-06
TXN350263,BRMU02,Mumbai,3232.39,SUCCESS,2024-04-06
TXN714206,BRMU02,Mumbai,4315.23,SUCCESS,2024-04-06
TXN100719,BRMU02,Mumbai,2923.65,FAILED,2024-04-06
TXN375404,BRMU02,Mumbai,2873.89,SUCCESS,2024-04-06
TXN973912,BRMU02,Mumbai,4962.14,FAILED,2024-04-06
TXN214668,BRMU02,Mumbai,1098.29,SUCCESS,2024-04-07
TXN814276,BRMU02,Mumbai,893.08,SUCCESS,2024-04-07
TXN131467,BRMU02,Mumbai,1272.53,FAILED,2024-04-07
TXN709482,BRMU02,Mumbai,357.63,FAILED,2024-04-07
TXN863214,BRMU02,Mumbai,4692.34,SUCCESS,2024-04-07
TXN167820,BRMU02,Mumbai,804.25,FAILED,2024-04-07
TXN778868,BRMU02,Mumbai,3512.36,SUCCESS,2024-04-07
TXN746562,BRMU02,Mumbai,500.81,FAILED,2024-04-07
TXN504045,BRMU02,Mumbai,3879.31,SUCCESS,2024-04-07
TXN706636,BRMU02,Mumbai,2129.28,SUCCESS,2024-04-07
TXN993394,BRMU02,Mumbai,2636.18,SUCCESS,2024-04-07
TXN529299,BRMU02,Mumbai,3547.73,SUCCESS,2024-04-07
TXN179701,BRMU02,Mumbai,4963.87,FAILED,2024-04-07
TXN674676,BRMU02,Mumbai,830.28,FAILED,2024-04-07
TXN723351,BRMU02,Mumbai,1793.16,FAILED,2024-04-07
TXN871274,BRMU02,Mumbai,1077.93,FAILED,2024-04-07
TXN413930,BRMU02,Mumbai,3826.0,FAILED,2024-04-07
TXN296404,BRMU02,Mumbai,429.95,SUCCESS,2024-04-07
TXN987702,BRMU02,Mumbai,4120.3,FAILED,2024-04-07
TXN395072,BRMU02,Mumbai,3120.09,SUCCESS,2024-04-07
TXN226506,BRDE05,Delhi,4450.55,SUCCESS,2024-04-01
TXN284440,BRDE05,Delhi,3462.89,FAILED,2024-04-01
TXN827963,BRDE05,Delhi,3312.73,FAILED,2024-04-01
TXN437705,BRDE05,Delhi,1872.34,SUCCESS,2024-04-01
TXN881645,BRDE05,Delhi,1724.82,SUCCESS,2024-04-01
TXN164712,BRDE05,Delhi,3647.74,SUCCESS,2024-04-01
TXN327748,BRDE05,Delhi,2133.53,FAILED,2024-04-01
TXN574447,BRDE05,Delhi,4377.49,SUCCESS,2024-04-01
TXN869353,BRDE05,Delhi,3790.77,SUCCESS,2024-04-01
TXN745740,BRDE05,Delhi,1533.23,SUCCESS,2024-04-01
TXN451385,BRDE05,Delhi,162.12,FAILED,2024-04-01
TXN810287,BRDE05,Delhi,3268.64,FAILED,2024-04-01
TXN236152,BRDE05,Delhi,434.54,FAILED,2024-04-01
TXN258631,BRDE05,Delhi,2885.42,SUCCESS,2024-04-01
TXN847637,BRDE05,Delhi,111.52,FAILED,2024-04-01
TXN208649,BRDE05,Delhi,4483.07,SUCCESS,2024-04-01
TXN922415,BRDE05,Delhi,4904.47,SUCCESS,2024-04-01
TXN244951,BRDE05,Delhi,3602.77,SUCCESS,2024-04-01
TXN104739,BRDE05,Delhi,4981.5,SUCCESS,2024-04-01
TXN131082,BRDE05,Delhi,2287.13,SUCCESS,2024-04-01
TXN589949,BRDE05,Delhi,3839.84,SUCCESS,2024-04-02
TXN852826,BRDE05,Delhi,836.08,FAILED,2024-04-02
TXN510539,BRDE05,Delhi,1955.77,SUCCESS,2024-04-02
TXN945487,BRDE05,Delhi,3297.11,SUCCESS,2024-04-02
TXN672064,BRDE05,Delhi,4565.92,SUCCESS,2024-04-02
TXN791473,BRDE05,Delhi,3158.81,FAILED,2024-04-02
TXN843241,BRDE05,Delhi,3092.82,SUCCESS,2024-04-02
TXN480450,BRDE05,Delhi,1575.55,SUCCESS,2024-04-02
TXN854421,BRDE05,Delhi,1337.73,SUCCESS,2024-04-02
TXN502130,BRDE05,Delhi,2549.58,FAILED,2024-04-02
TXN292170,BRDE05,Delhi,3898.83,SUCCESS,2024-04-02
TXN316223,BRDE05,Delhi,3942.99,SUCCESS,2024-04-02
TXN547209,BRDE05,Delhi,4621.78,FAILED,2024-04-02
TXN146652,BRDE05,Delhi,2984.02,SUCCESS,2024-04-02
TXN806477,BRDE05,Delhi,2655.59,SUCCESS,2024-04-02
TXN251485,BRDE05,Delhi,2218.23,FAILED,2024-04-02
TXN630137,BRDE05,Delhi,348.87,SUCCESS,2024-04-02
TXN327024,BRDE05,Delhi,4870.88,SUCCESS,2024-04-02
TXN751267,BRDE05,Delhi,1018.13,FAILED,2024-04-02
TXN866797,BRDE05,Delhi,1222.01,FAILED,2024-04-02
TXN342698,BRDE05,Delhi,4382.71,FAILED,2024-04-03
TXN976055,BRDE05,Delhi,2715.38,SUCCESS,2024-04-03
TXN183242,BRDE05,Delhi,541.69,FAILED,2024-04-03
TXN499769,BRDE05,Delhi,3948.88,SUCCESS,2024-04-03
TXN652465,BRDE05,Delhi,923.09,FAILED,2024-04-03
TXN159850,BRDE05,Delhi,843.59,SUCCESS,2024-04-03
TXN627640,BRDE05,Delhi,3568.03,SUCCESS,2024-04-03
TXN728126,BRDE05,Delhi,589.24,FAILED,2024-04-03
TXN272967,BRDE05,Delhi,4475.92,SUCCESS,2024-04-03
TXN792981,BRDE05,Delhi,4161.12,FAILED,2024-04-03
TXN145782,BRDE05,Delhi,554.23,SUCCESS,2024-04-03
TXN771840,BRDE05,Delhi,1446.98,SUCCESS,2024-04-03
TXN967235,BRDE05,Delhi,4431.45,FAILED,2024-04-03
TXN445749,BRDE05,Delhi,2071.33,SUCCESS,2024-04-03
TXN124735,BRDE05,Delhi,3230.65,SUCCESS,2024-04-03
TXN223930,BRDE05,Delhi,2061.29,SUCCESS,2024-04-03
TXN552140,BRDE05,Delhi,1000.65,FAILED,2024-04-03
TXN551912,BRDE05,Delhi,429.26,SUCCESS,2024-04-03
TXN325638,BRDE05,Delhi,1332.53,FAILED,2024-04-03
TXN819508,BRDE05,Delhi,4424.02,FAILED,2024-04-03
TXN532939,BRDE05,Delhi,3203.59,SUCCESS,2024-04-04
TXN269851,BRDE05,Delhi,4445.05,SUCCESS,2024-04-04
TXN313121,BRDE05,Delhi,4910.04,FAILED,2024-04-04
TXN449042,BRDE05,Delhi,1254.25,FAILED,2024-04-04
TXN288722,BRDE05,Delhi,1828.34,FAILED,2024-04-04
TXN179403,BRDE05,Delhi,4242.84,SUCCESS,2024-04-04
TXN961116,BRDE05,Delhi,157.04,SUCCESS,2024-04-04
TXN717932,BRDE05,Delhi,4977.31,FAILED,2024-04-04
TXN510562,BRDE05,Delhi,4439.3,FAILED,2024-04-04
TXN509073,BRDE05,Delhi,2705.09,SUCCESS,2024-04-04
TXN944642,BRDE05,Delhi,3511.3,SUCCESS,2024-04-04
TXN597595,BRDE05,Delhi,1293.73,FAILED,2024-04-04
TXN849332,BRDE05,Delhi,4466.14,FAILED,2024-04-04
TXN629333,BRDE05,Delhi,240.37,SUCCESS,2024-04-04
TXN322653,BRDE05,Delhi,3830.81,SUCCESS,2024-04-04
TXN697955,BRDE05,Delhi,1093.32,FAILED,2024-04-04
TXN520955,BRDE05,Delhi,1717.17,SUCCESS,2024-04-04
TXN612262,BRDE05,Delhi,2406.29,FAILED,2024-04-04
TXN402005,BRDE05,Delhi,2671.09,FAILED,2024-04-04
TXN288573,BRDE05,Delhi,1143.24,FAILED,2024-04-04
TXN311961,BRDE05,Delhi,2174.24,FAILED,2024-04-05
TXN426257,BRDE05,Delhi,1751.53,SUCCESS,2024-04-05
TXN629625,BRDE05,Delhi,2717.24,SUCCESS,2024-04-05
TXN700687,BRDE05,Delhi,2386.4,SUCCESS,2024-04-05
TXN339563,BRDE05,Delhi,437.28,SUCCESS,2024-04-05
TXN706958,BRDE05,Delhi,2132.1,SUCCESS,2024-04-05
TXN573036,BRDE05,Delhi,113.12,FAILED,2024-04-05
TXN988917,BRDE05,Delhi,3161.66,SUCCESS,2024-04-05
TXN372633,BRDE05,Delhi,2515.17,SUCCESS,2024-04-05
TXN848863,BRDE05,Delhi,3458.86,SUCCESS,2024-04-05
TXN630250,BRDE05,Delhi,1621.14,SUCCESS,2024-04-05
TXN372498,BRDE05,Delhi,4272.69,FAILED,2024-04-05
TXN814707,BRDE05,Delhi,3259.24,SUCCESS,2024-04-05
TXN378961,BRDE05,Delhi,3541.18,FAILED,2024-04-05
TXN412732,BRDE05,Delhi,945.56,SUCCESS,2024-04-05
TXN505574,BRDE05,Delhi,1626.7,FAILED,2024-04-05
TXN452866,BRDE05,Delhi,4590.56,SUCCESS,2024-04-05
TXN263921,BRDE05,Delhi,2188.82,FAILED,2024-04-05
TXN731555,BRDE05,Delhi,1118.56,SUCCESS,2024-04-05
TXN940913,BRDE05,Delhi,2003.88,FAILED,2024-04-05
TXN416110,BRDE05,Delhi,4671.71,FAILED,2024-04-06
TXN256994,BRDE05,Delhi,4167.94,SUCCESS,2024-04-06
TXN820285,BRDE05,Delhi,613.0,FAILED,2024-04-06
TXN727715,BRDE05,Delhi,3218.83,FAILED,2024-04-06
TXN970938,BRDE05,Delhi,1844.87,FAILED,2024-04-06
TXN798339,BRDE05,Delhi,487.27,SUCCESS,2024-04-06
TXN279601,BRDE05,Delhi,1474.59,FAILED,2024-04-06
TXN773551,BRDE05,Delhi,832.38,FAILED,2024-04-06
TXN337832,BRDE05,Delhi,3924.44,SUCCESS,2024-04-06
TXN337751,BRDE05,Delhi,2836.28,SUCCESS,2024-04-06
TXN396085,BRDE05,Delhi,1583.07,SUCCESS,2024-04-06
TXN697812,BRDE05,Delhi,2356.0,FAILED,2024-04-06
TXN337184,BRDE05,Delhi,1804.82,FAILED,2024-04-06
TXN940444,BRDE05,Delhi,4490.2,SUCCESS,2024-04-06
TXN581415,BRDE05,Delhi,214.83,SUCCESS,2024-04-06
TXN182899,BRDE05,Delhi,4284.77,SUCCESS,2024-04-06
TXN653549,BRDE05,Delhi,1846.63,SUCCESS,2024-04-06
TXN177194,BRDE05,Delhi,4421.32,FAILED,2024-04-06
TXN861520,BRDE05,Delhi,3026.59,FAILED,2024-04-06
TXN586768,BRDE05,Delhi,1503.54,FAILED,2024-04-06
TXN763122,BRDE05,Delhi,196.68,SUCCESS,2024-04-07
TXN246093,BRDE05,Delhi,209.92,FAILED,2024-04-07
TXN736811,BRDE05,Delhi,1801.4,SUCCESS,2024-04-07
TXN233220,BRDE05,Delhi,1606.49,FAILED,2024-04-07
TXN954865,BRDE05,Delhi,127.7,FAILED,2024-04-07
TXN111436,BRDE05,Delhi,1656.97,FAILED,2024-04-07
TXN521373,BRDE05,Delhi,568.48,FAILED,2024-04-07
TXN251467,BRDE05,Delhi,4933.75,SUCCESS,2024-04-07
TXN372376,BRDE05,Delhi,2295.38,SUCCESS,2024-04-07
TXN943569,BRDE05,Delhi,1371.18,SUCCESS,2024-04-07
TXN727017,BRDE05,Delhi,4341.15,SUCCESS,2024-04-07
TXN409300,BRDE05,Delhi,1219.49,FAILED,2024-04-07
TXN561229,BRDE05,Delhi,1989.9,FAILED,2024-04-07
TXN857413,BRDE05,Delhi,677.62,SUCCESS,2024-04-07
TXN838189,BRDE05,Delhi,2297.44,FAILED,2024-04-07
TXN351124,BRDE05,Delhi,3244.71,FAILED,2024-04-07
TXN415211,BRDE05,Delhi,4306.75,FAILED,2024-04-07
TXN337562,BRDE05,Delhi,949.05,FAILED,2024-04-07
TXN282190,BRDE05,Delhi,1973.58,FAILED,2024-04-07
TXN150742,BRDE05,Delhi,3315.56,SUCCESS,2024-04-07
TXN757409,BRDE02,Delhi,4895.42,FAILED,2024-04-01
TXN745512,BRDE02,Delhi,1672.5,SUCCESS,2024-04-01
TXN599568,BRDE02,Delhi,2769.54,FAILED,2024-04-01
TXN198716,BRDE02,Delhi,3490.41,SUCCESS,2024-04-01
TXN989453,BRDE02,Delhi,3555.09,SUCCESS,2024-04-01
TXN156087,BRDE02,Delhi,1426.4,SUCCESS,2024-04-01
TXN771765,BRDE02,Delhi,4330.97,SUCCESS,2024-04-01
TXN576588,BRDE02,Delhi,1621.65,FAILED,2024-04-01
TXN823462,BRDE02,Delhi,4227.09,SUCCESS,2024-04-01
TXN849352,BRDE02,Delhi,4811.12,SUCCESS,2024-04-01
TXN303205,BRDE02,Delhi,2605.44,SUCCESS,2024-04-01
TXN459432,BRDE02,Delhi,4066.93,FAILED,2024-04-01
TXN996464,BRDE02,Delhi,206.61,FAILED,2024-04-01
TXN387203,BRDE02,Delhi,900.84,SUCCESS,2024-04-01
TXN308750,BRDE02,Delhi,1544.08,SUCCESS,2024-04-01
TXN632090,BRDE02,Delhi,4433.54,FAILED,2024-04-01
TXN622478,BRDE02,Delhi,1332.34,FAILED,2024-04-01
TXN141593,BRDE02,Delhi,2679.44,SUCCESS,2024-04-01
TXN736111,BRDE02,Delhi,3518.01,SUCCESS,2024-04-01
TXN836280,BRDE02,Delhi,2370.11,FAILED,2024-04-01
TXN402880,BRDE02,Delhi,1798.74,SUCCESS,2024-04-02
TXN119259,BRDE02,Delhi,4589.96,FAILED,2024-04-02
TXN183134,BRDE02,Delhi,3993.55,FAILED,2024-04-02
TXN271902,BRDE02,Delhi,721.93,SUCCESS,2024-04-02
TXN474965,BRDE02,Delhi,3153.15,SUCCESS,2024-04-02
TXN285895,BRDE02,Delhi,3248.95,FAILED,2024-04-02
TXN996952,BRDE02,Delhi,1098.95,FAILED,2024-04-02
TXN143695,BRDE02,Delhi,533.07,FAILED,2024-04-02
TXN706092,BRDE02,Delhi,1250.32,FAILED,2024-04-02
TXN942657,BRDE02,Delhi,2583.09,FAILED,2024-04-02
TXN656871,BRDE02,Delhi,3723.08,FAILED,2024-04-02
TXN829183,BRDE02,Delhi,1814.1,SUCCESS,2024-04-02
TXN613536,BRDE02,Delhi,356.65,SUCCESS,2024-04-02
TXN511973,BRDE02,Delhi,4728.28,FAILED,2024-04-02
TXN971751,BRDE02,Delhi,3218.25,SUCCESS,2024-04-02
TXN388631,BRDE02,Delhi,1162.75,SUCCESS,2024-04-02
TXN478016,BRDE02,Delhi,296.33,SUCCESS,2024-04-02
TXN184717,BRDE02,Delhi,4834.86,FAILED,2024-04-02
TXN868544,BRDE02,Delhi,1087.24,FAILED,2024-04-02
TXN527890,BRDE02,Delhi,1309.1,SUCCESS,2024-04-02
TXN676280,BRDE02,Delhi,983.83,FAILED,2024-04-03
TXN716456,BRDE02,Delhi,277.8,SUCCESS,2024-04-03
TXN650809,BRDE02,Delhi,2406.61,SUCCESS,2024-04-03
TXN788482,BRDE02,Delhi,3711.95,FAILED,2024-04-03
TXN639019,BRDE02,Delhi,3164.67,SUCCESS,2024-04-03
TXN597495,BRDE02,Delhi,1559.69,FAILED,2024-04-03
TXN338587,BRDE02,Delhi,3017.42,FAILED,2024-04-03
TXN830304,BRDE02,Delhi,4628.18,SUCCESS,2024-04-03
TXN160056,BRDE02,Delhi,3828.26,FAILED,2024-04-03
TXN313494,BRDE02,Delhi,2696.55,SUCCESS,2024-04-03
TXN378091,BRDE02,Delhi,3940.95,FAILED,2024-04-03
TXN561899,BRDE02,Delhi,2468.08,SUCCESS,2024-04-03
TXN726527,BRDE02,Delhi,2168.72,FAILED,2024-04-03
TXN469253,BRDE02,Delhi,2272.09,SUCCESS,2024-04-03
TXN951726,BRDE02,Delhi,3842.43,FAILED,2024-04-03
TXN562564,BRDE02,Delhi,3967.8,FAILED,2024-04-03
TXN164279,BRDE02,Delhi,2459.19,SUCCESS,2024-04-03
TXN711004,BRDE02,Delhi,4210.99,FAILED,2024-04-03
TXN297543,BRDE02,Delhi,4990.99,SUCCESS,2024-04-03
TXN532847,BRDE02,Delhi,2730.11,SUCCESS,2024-04-03
TXN193682,BRDE02,Delhi,760.66,SUCCESS,2024-04-04
TXN841167,BRDE02,Delhi,1996.19,SUCCESS,2024-04-04
TXN951531,BRDE02,Delhi,1832.25,FAILED,2024-04-04
TXN795224,BRDE02,Delhi,4097.65,FAILED,2024-04-04
TXN462218,BRDE02,Delhi,1904.28,FAILED,2024-04-04
TXN138947,BRDE02,Delhi,3127.69,SUCCESS,2024-04-04
TXN612493,BRDE02,Delhi,4400.05,FAILED,2024-04-04
TXN553345,BRDE02,Delhi,2175.38,FAILED,2024-04-04
TXN160863,BRDE02,Delhi,1859.37,SUCCESS,2024-04-04
TXN802412,BRDE02,Delhi,4909.42,SUCCESS,2024-04-04
TXN313459,BRDE02,Delhi,1981.33,SUCCESS,2024-04-04
TXN577188,BRDE02,Delhi,213.83,SUCCESS,2024-04-04
TXN361355,BRDE02,Delhi,1934.37,FAILED,2024-04-04
TXN791363,BRDE02,Delhi,4477.56,FAILED,2024-04-04
TXN580568,BRDE02,Delhi,1773.81,SUCCESS,2024-04-04
TXN733299,BRDE02,Delhi,2160.76,FAILED,2024-04-04
TXN631307,BRDE02,Delhi,2431.75,SUCCESS,2024-04-04
TXN977733,BRDE02,Delhi,4270.46,SUCCESS,2024-04-04
TXN956016,BRDE02,Delhi,2822.23,FAILED,2024-04-04
TXN223513,BRDE02,Delhi,4264.25,SUCCESS,2024-04-04
TXN615543,BRDE02,Delhi,3360.01,FAILED,2024-04-05
TXN545351,BRDE02,Delhi,2870.66,SUCCESS,2024-04-05
TXN950636,BRDE02,Delhi,3202.82,FAILED,2024-04-05
TXN226855,BRDE02,Delhi,2211.1,FAILED,2024-04-05
TXN816606,BRDE02,Delhi,1619.67,FAILED,2024-04-05
TXN102599,BRDE02,Delhi,1498.82,FAILED,2024-04-05
TXN780542,BRDE02,Delhi,2989.3,FAILED,2024-04-05
TXN403584,BRDE02,Delhi,988.73,SUCCESS,2024-04-05
TXN389890,BRDE02,Delhi,4056.81,SUCCESS,2024-04-05
TXN361569,BRDE02,Delhi,4647.22,FAILED,2024-04-05
TXN197912,BRDE02,Delhi,4411.85,FAILED,2024-04-05
TXN108754,BRDE02,Delhi,4874.05,FAILED,2024-04-05
TXN145456,BRDE02,Delhi,919.85,SUCCESS,2024-04-05
TXN438159,BRDE02,Delhi,2464.39,SUCCESS,2024-04-05
TXN851554,BRDE02,Delhi,4896.28,SUCCESS,2024-04-05
TXN172105,BRDE02,Delhi,4642.97,SUCCESS,2024-04-05
TXN218174,BRDE02,Delhi,3572.73,SUCCESS,2024-04-05
TXN226248,BRDE02,Delhi,3535.41,FAILED,2024-04-05
TXN755948,BRDE02,Delhi,4894.34,FAILED,2024-04-05
TXN345130,BRDE02,Delhi,3165.83,FAILED,2024-04-05
TXN340838,BRDE02,Delhi,4291.15,SUCCESS,2024-04-06
TXN946803,BRDE02,Delhi,1524.98,SUCCESS,2024-04-06
TXN380837,BRDE02,Delhi,3788.83,FAILED,2024-04-06
TXN590685,BRDE02,Delhi,564.78,FAILED,2024-04-06
TXN428697,BRDE02,Delhi,1398.47,FAILED,2024-04-06
TXN315904,BRDE02,Delhi,3962.67,FAILED,2024-04-06
TXN251676,BRDE02,Delhi,168.48,FAILED,2024-04-06
TXN190505,BRDE02,Delhi,1363.08,SUCCESS,2024-04-06
TXN794602,BRDE02,Delhi,2331.37,FAILED,2024-04-06
TXN186792,BRDE02,Delhi,1190.14,FAILED,2024-04-06
TXN321681,BRDE02,Delhi,4460.1,FAILED,2024-04-06
TXN293871,BRDE02,Delhi,2425.73,SUCCESS,2024-04-06
TXN184814,BRDE02,Delhi,262.42,FAILED,2024-04-06
TXN609230,BRDE02,Delhi,209.07,FAILED,2024-04-06
TXN433371,BRDE02,Delhi,1331.81,SUCCESS,2024-04-06
TXN839872,BRDE02,Delhi,410.88,FAILED,2024-04-06
TXN702514,BRDE02,Delhi,3811.38,FAILED,2024-04-06
TXN719534,BRDE02,Delhi,4558.35,SUCCESS,2024-04-06
TXN867651,BRDE02,Delhi,3695.65,FAILED,2024-04-06
TXN856622,BRDE02,Delhi,2144.8,FAILED,2024-04-06
TXN223753,BRDE02,Delhi,2808.38,FAILED,2024-04-07
TXN707477,BRDE02,Delhi,1638.88,SUCCESS,2024-04-07
TXN914523,BRDE02,Delhi,2013.57,SUCCESS,2024-04-07
TXN895658,BRDE02,Delhi,1617.92,FAILED,2024-04-07
TXN339867,BRDE02,Delhi,2311.58,SUCCESS,2024-04-07
TXN226235,BRDE02,Delhi,1167.09,SUCCESS,2024-04-07
TXN754642,BRDE02,Delhi,4183.94,SUCCESS,2024-04-07
TXN787815,BRDE02,Delhi,1367.8,FAILED,2024-04-07
TXN106702,BRDE02,Delhi,359.4,FAILED,2024-04-07
TXN773873,BRDE02,Delhi,2990.53,SUCCESS,2024-04-07
TXN284366,BRDE02,Delhi,4078.04,SUCCESS,2024-04-07
TXN988928,BRDE02,Delhi,3355.52,FAILED,2024-04-07
TXN167064,BRDE02,Delhi,4027.54,SUCCESS,2024-04-07
TXN631110,BRDE02,Delhi,2434.42,FAILED,2024-04-07
TXN547660,BRDE02,Delhi,2291.6,FAILED,2024-04-07
TXN536369,BRDE02,Delhi,2458.51,SUCCESS,2024-04-07
TXN667825,BRDE02,Delhi,3561.08,SUCCESS,2024-04-07
TXN299567,BRDE02,Delhi,3685.65,SUCCESS,2024-04-07
TXN225760,BRDE02,Delhi,2487.93,FAILED,2024-04-07
TXN910525,BRDE02,Delhi,697.71,FAILED,2024-04-07
TXN505821,BRDE04,Delhi,2157.27,SUCCESS,2024-04-01
TXN755977,BRDE04,Delhi,1010.12,FAILED,2024-04-01
TXN210120,BRDE04,Delhi,4487.55,SUCCESS,2024-04-01
TXN852198,BRDE04,Delhi,4990.44,FAILED,2024-04-01
TXN903077,BRDE04,Delhi,2670.8,FAILED,2024-04-01
TXN741623,BRDE04,Delhi,3263.6,SUCCESS,2024-04-01
TXN782008,BRDE04,Delhi,3183.48,SUCCESS,2024-04-01
TXN732586,BRDE04,Delhi,2001.3,FAILED,2024-04-01
TXN841005,BRDE04,Delhi,1697.17,FAILED,2024-04-01
TXN801530,BRDE04,Delhi,2732.38,FAILED,2024-04-01
TXN678835,BRDE04,Delhi,3098.04,FAILED,2024-04-01
TXN414349,BRDE04,Delhi,1904.71,SUCCESS,2024-04-01
TXN747545,BRDE04,Delhi,3577.92,FAILED,2024-04-01
TXN506530,BRDE04,Delhi,3263.52,FAILED,2024-04-01
TXN665278,BRDE04,Delhi,1939.66,FAILED,2024-04-01
TXN974135,BRDE04,Delhi,1637.44,FAILED,2024-04-01
TXN914548,BRDE04,Delhi,4882.59,SUCCESS,2024-04-01
TXN389517,BRDE04,Delhi,4027.26,SUCCESS,2024-04-01
TXN282481,BRDE04,Delhi,4841.47,SUCCESS,2024-04-01
TXN247092,BRDE04,Delhi,3556.42,SUCCESS,2024-04-01
TXN614663,BRDE04,Delhi,3819.08,SUCCESS,2024-04-02
TXN125434,BRDE04,Delhi,4017.44,SUCCESS,2024-04-02
TXN220011,BRDE04,Delhi,1141.09,FAILED,2024-04-02
TXN261419,BRDE04,Delhi,1175.36,FAILED,2024-04-02
TXN127357,BRDE04,Delhi,1194.83,FAILED,2024-04-02
TXN714614,BRDE04,Delhi,1282.38,FAILED,2024-04-02
TXN758650,BRDE04,Delhi,246.49,FAILED,2024-04-02
TXN487430,BRDE04,Delhi,3052.11,SUCCESS,2024-04-02
TXN899827,BRDE04,Delhi,1618.83,SUCCESS,2024-04-02
TXN114894,BRDE04,Delhi,236.18,FAILED,2024-04-02
TXN480704,BRDE04,Delhi,3996.08,SUCCESS,2024-04-02
TXN841459,BRDE04,Delhi,4440.05,SUCCESS,2024-04-02
TXN612581,BRDE04,Delhi,1505.26,FAILED,2024-04-02
TXN166643,BRDE04,Delhi,3982.36,FAILED,2024-04-02
TXN565609,BRDE04,Delhi,3794.2,SUCCESS,2024-04-02
TXN766186,BRDE04,Delhi,4057.49,SUCCESS,2024-04-02
TXN109942,BRDE04,Delhi,4071.78,FAILED,2024-04-02
TXN280259,BRDE04,Delhi,1976.41,SUCCESS,2024-04-02
TXN339776,BRDE04,Delhi,4791.52,FAILED,2024-04-02
TXN551688,BRDE04,Delhi,1749.45,SUCCESS,2024-04-02
TXN659957,BRDE04,Delhi,780.38,SUCCESS,2024-04-03
TXN491748,BRDE04,Delhi,2009.52,FAILED,2024-04-03
TXN962744,BRDE04,Delhi,285.14,FAILED,2024-04-03
TXN310909,BRDE04,Delhi,2261.06,FAILED,2024-04-03
TXN549425,BRDE04,Delhi,816.25,FAILED,2024-04-03
TXN461472,BRDE04,Delhi,3942.7,FAILED,2024-04-03
TXN383379,BRDE04,Delhi,3273.2,FAILED,2024-04-03
TXN529557,BRDE04,Delhi,3087.19,SUCCESS,2024-04-03
TXN188096,BRDE04,Delhi,2992.83,FAILED,2024-04-03
TXN763284,BRDE04,Delhi,2003.76,FAILED,2024-04-03
TXN536096,BRDE04,Delhi,1499.23,SUCCESS,2024-04-03
TXN373186,BRDE04,Delhi,4490.62,SUCCESS,2024-04-03
TXN546869,BRDE04,Delhi,3775.35,SUCCESS,2024-04-03
TXN559989,BRDE04,Delhi,1091.28,FAILED,2024-04-03
TXN841583,BRDE04,Delhi,3821.85,SUCCESS,2024-04-03
TXN813343,BRDE04,Delhi,3766.12,SUCCESS,2024-04-03
TXN534817,BRDE04,Delhi,1182.88,SUCCESS,2024-04-03
TXN914860,BRDE04,Delhi,3138.72,FAILED,2024-04-03
TXN619073,BRDE04,Delhi,1164.22,FAILED,2024-04-03
TXN669141,BRDE04,Delhi,1161.14,SUCCESS,2024-04-03
TXN515780,BRDE04,Delhi,248.29,SUCCESS,2024-04-04
TXN724479,BRDE04,Delhi,3642.45,FAILED,2024-04-04
TXN269521,BRDE04,Delhi,4308.21,FAILED,2024-04-04
TXN423956,BRDE04,Delhi,1207.83,FAILED,2024-04-04
TXN374426,BRDE04,Delhi,1546.73,SUCCESS,2024-04-04
TXN705492,BRDE04,Delhi,1360.17,FAILED,2024-04-04
TXN435138,BRDE04,Delhi,2225.81,SUCCESS,2024-04-04
TXN433122,BRDE04,Delhi,243.0,FAILED,2024-04-04
TXN252541,BRDE04,Delhi,224.38,FAILED,2024-04-04
TXN516066,BRDE04,Delhi,1870.97,FAILED,2024-04-04
TXN736992,BRDE04,Delhi,3664.96,FAILED,2024-04-04
TXN967587,BRDE04,Delhi,835.88,FAILED,2024-04-04
TXN935074,BRDE04,Delhi,588.39,FAILED,2024-04-04
TXN583089,BRDE04,Delhi,4189.43,SUCCESS,2024-04-04
TXN852466,BRDE04,Delhi,2334.82,FAILED,2024-04-04
TXN821312,BRDE04,Delhi,2147.18,FAILED,2024-04-04
TXN267471,BRDE04,Delhi,3461.87,FAILED,2024-04-04
TXN764005,BRDE04,Delhi,4316.73,FAILED,2024-04-04
TXN754303,BRDE04,Delhi,4799.31,FAILED,2024-04-04
TXN102547,BRDE04,Delhi,4900.56,FAILED,2024-04-04
TXN845844,BRDE04,Delhi,2527.08,SUCCESS,2024-04-05
TXN415243,BRDE04,Delhi,1590.7,FAILED,2024-04-05
TXN523347,BRDE04,Delhi,4671.24,FAILED,2024-04-05
TXN443088,BRDE04,Delhi,3900.8,SUCCESS,2024-04-05
TXN486736,BRDE04,Delhi,898.83,FAILED,2024-04-05
TXN876676,BRDE04,Delhi,4591.3,SUCCESS,2024-04-05
TXN721875,BRDE04,Delhi,3725.06,SUCCESS,2024-04-05
TXN466832,BRDE04,Delhi,2398.97,SUCCESS,2024-04-05
TXN404309,BRDE04,Delhi,1183.55,FAILED,2024-04-05
TXN873050,BRDE04,Delhi,603.12,FAILED,2024-04-05
TXN572170,BRDE04,Delhi,2101.65,SUCCESS,2024-04-05
TXN817753,BRDE04,Delhi,4038.9,SUCCESS,2024-04-05
TXN651304,BRDE04,Delhi,1875.63,SUCCESS,2024-04-05
TXN676587,BRDE04,Delhi,4608.1,SUCCESS,2024-04-05
TXN400723,BRDE04,Delhi,2391.61,SUCCESS,2024-04-05
TXN164557,BRDE04,Delhi,362.08,FAILED,2024-04-05
TXN865840,BRDE04,Delhi,1910.78,FAILED,2024-04-05
TXN539268,BRDE04,Delhi,2483.81,SUCCESS,2024-04-05
TXN659385,BRDE04,Delhi,4237.34,FAILED,2024-04-05
TXN103755,BRDE04,Delhi,1677.94,SUCCESS,2024-04-05
TXN415766,BRDE04,Delhi,4117.56,SUCCESS,2024-04-06
TXN239179,BRDE04,Delhi,3512.8,SUCCESS,2024-04-06
TXN665593,BRDE04,Delhi,2964.96,FAILED,2024-04-06
TXN153976,BRDE04,Delhi,4246.49,FAILED,2024-04-06
TXN895134,BRDE04,Delhi,1012.13,SUCCESS,2024-04-06
TXN739785,BRDE04,Delhi,4425.49,FAILED,2024-04-06
TXN247606,BRDE04,Delhi,4645.4,FAILED,2024-04-06
TXN470630,BRDE04,Delhi,3845.75,FAILED,2024-04-06
TXN686281,BRDE04,Delhi,933.97,FAILED,2024-04-06
TXN158963,BRDE04,Delhi,1870.52,FAILED,2024-04-06
TXN728128,BRDE04,Delhi,2574.44,FAILED,2024-04-06
TXN586918,BRDE04,Delhi,4214.79,SUCCESS,2024-04-06
TXN397569,BRDE04,Delhi,1161.62,SUCCESS,2024-04-06
TXN907913,BRDE04,Delhi,1496.47,SUCCESS,2024-04-06
TXN509388,BRDE04,Delhi,4839.25,SUCCESS,2024-04-06
TXN479999,BRDE04,Delhi,1743.94,FAILED,2024-04-06
TXN881794,BRDE04,Delhi,2825.9,FAILED,2024-04-06
TXN334736,BRDE04,Delhi,1793.31,FAILED,2024-04-06
TXN916469,BRDE04,Delhi,3426.67,FAILED,2024-04-06
TXN474658,BRDE04,Delhi,850.04,SUCCESS,2024-04-06
TXN454682,BRDE04,Delhi,1622.43,SUCCESS,2024-04-07
TXN316459,BRDE04,Delhi,4517.24,FAILED,2024-04-07
TXN680757,BRDE04,Delhi,3167.62,FAILED,2024-04-07
TXN558393,BRDE04,Delhi,4670.85,FAILED,2024-04-07
TXN356640,BRDE04,Delhi,3988.9,FAILED,2024-04-07
TXN725060,BRDE04,Delhi,1935.93,SUCCESS,2024-04-07
TXN885779,BRDE04,Delhi,3302.47,SUCCESS,2024-04-07
TXN317960,BRDE04,Delhi,4845.98,FAILED,2024-04-07
TXN904415,BRDE04,Delhi,864.07,SUCCESS,2024-04-07
TXN525335,BRDE04,Delhi,960.33,FAILED,2024-04-07
TXN698584,BRDE04,Delhi,1960.76,SUCCESS,2024-04-07
TXN530823,BRDE04,Delhi,3119.82,FAILED,2024-04-07
TXN479202,BRDE04,Delhi,4380.85,SUCCESS,2024-04-07
TXN214225,BRDE04,Delhi,1660.03,FAILED,2024-04-07
TXN701639,BRDE04,Delhi,2518.75,SUCCESS,2024-04-07
TXN688744,BRDE04,Delhi,4415.33,FAILED,2024-04-07
TXN459202,BRDE04,Delhi,2078.56,SUCCESS,2024-04-07
TXN518017,BRDE04,Delhi,4517.24,FAILED,2024-04-07
TXN988509,BRDE04,Delhi,3413.05,SUCCESS,2024-04-07
TXN658655,BRDE04,Delhi,453.5,FAILED,2024-04-07
TXN436121,BRDE03,Delhi,2640.93,SUCCESS,2024-04-01
TXN136848,BRDE03,Delhi,3243.1,FAILED,2024-04-01
TXN524002,BRDE03,Delhi,4317.8,FAILED,2024-04-01
TXN520038,BRDE03,Delhi,436.88,SUCCESS,2024-04-01
TXN690656,BRDE03,Delhi,714.73,FAILED,2024-04-01
TXN229314,BRDE03,Delhi,1684.88,FAILED,2024-04-01
TXN302593,BRDE03,Delhi,2009.9,SUCCESS,2024-04-01
TXN100352,BRDE03,Delhi,1377.06,FAILED,2024-04-01
TXN777895,BRDE03,Delhi,307.71,FAILED,2024-04-01
TXN314131,BRDE03,Delhi,4716.96,SUCCESS,2024-04-01
TXN272925,BRDE03,Delhi,3968.73,SUCCESS,2024-04-01
TXN171173,BRDE03,Delhi,3077.67,SUCCESS,2024-04-01
TXN313381,BRDE03,Delhi,498.24,SUCCESS,2024-04-01
TXN492479,BRDE03,Delhi,4311.05,FAILED,2024-04-01
TXN231635,BRDE03,Delhi,1931.71,FAILED,2024-04-01
TXN164205,BRDE03,Delhi,1978.58,FAILED,2024-04-01
TXN503218,BRDE03,Delhi,763.28,FAILED,2024-04-01
TXN535921,BRDE03,Delhi,1021.98,SUCCESS,2024-04-01
TXN193122,BRDE03,Delhi,2477.33,SUCCESS,2024-04-01
TXN587450,BRDE03,Delhi,720.04,SUCCESS,2024-04-01
TXN897272,BRDE03,Delhi,571.5,SUCCESS,2024-04-02
TXN485647,BRDE03,Delhi,4495.14,SUCCESS,2024-04-02
TXN599145,BRDE03,Delhi,3954.39,FAILED,2024-04-02
TXN373630,BRDE03,Delhi,4758.21,SUCCESS,2024-04-02
TXN660311,BRDE03,Delhi,781.62,SUCCESS,2024-04-02
TXN306541,BRDE03,Delhi,3554.08,SUCCESS,2024-04-02
TXN482187,BRDE03,Delhi,3243.03,FAILED,2024-04-02
TXN697269,BRDE03,Delhi,1234.89,FAILED,2024-04-02
TXN930100,BRDE03,Delhi,1339.44,SUCCESS,2024-04-02
TXN556201,BRDE03,Delhi,4321.29,SUCCESS,2024-04-02
TXN808447,BRDE03,Delhi,1113.86,FAILED,2024-04-02
TXN721455,BRDE03,Delhi,3590.78,SUCCESS,2024-04-02
TXN711472,BRDE03,Delhi,4252.89,FAILED,2024-04-02
TXN584949,BRDE03,Delhi,1196.98,SUCCESS,2024-04-02
TXN606531,BRDE03,Delhi,794.92,FAILED,2024-04-02
TXN818304,BRDE03,Delhi,4576.33,SUCCESS,2024-04-02
TXN899990,BRDE03,Delhi,2336.77,FAILED,2024-04-02
TXN323284,BRDE03,Delhi,4687.8,SUCCESS,2024-04-02
TXN591551,BRDE03,Delhi,4774.29,SUCCESS,2024-04-02
TXN169621,BRDE03,Delhi,3495.85,FAILED,2024-04-02
TXN694872,BRDE03,Delhi,2941.21,SUCCESS,2024-04-03
TXN365936,BRDE03,Delhi,758.95,FAILED,2024-04-03
TXN406318,BRDE03,Delhi,1336.09,FAILED,2024-04-03
TXN785601,BRDE03,Delhi,3142.96,FAILED,2024-04-03
TXN501422,BRDE03,Delhi,2764.9,SUCCESS,2024-04-03
TXN194675,BRDE03,Delhi,358.65,SUCCESS,2024-04-03
TXN640503,BRDE03,Delhi,570.67,FAILED,2024-04-03
TXN872511,BRDE03,Delhi,4044.2,FAILED,2024-04-03
TXN594643,BRDE03,Delhi,2746.24,FAILED,2024-04-03
TXN874097,BRDE03,Delhi,2601.91,FAILED,2024-04-03
TXN998386,BRDE03,Delhi,720.15,SUCCESS,2024-04-03
TXN996590,BRDE03,Delhi,4367.56,SUCCESS,2024-04-03
TXN794811,BRDE03,Delhi,2933.89,SUCCESS,2024-04-03
TXN290132,BRDE03,Delhi,868.73,FAILED,2024-04-03
TXN570716,BRDE03,Delhi,3512.31,FAILED,2024-04-03
TXN367397,BRDE03,Delhi,4763.33,SUCCESS,2024-04-03
TXN662036,BRDE03,Delhi,1834.58,FAILED,2024-04-03
TXN822737,BRDE03,Delhi,4003.52,FAILED,2024-04-03
TXN840085,BRDE03,Delhi,1690.03,SUCCESS,2024-04-03
TXN958531,BRDE03,Delhi,3244.81,FAILED,2024-04-03
TXN774890,BRDE03,Delhi,3449.67,FAILED,2024-04-04
TXN987247,BRDE03,Delhi,4378.81,FAILED,2024-04-04
TXN810551,BRDE03,Delhi,983.72,FAILED,2024-04-04
TXN695608,BRDE03,Delhi,3670.47,SUCCESS,2024-04-04
TXN492864,BRDE03,Delhi,1348.17,FAILED,2024-04-04
TXN850704,BRDE03,Delhi,3831.81,FAILED,2024-04-04
TXN885595,BRDE03,Delhi,123.16,SUCCESS,2024-04-04
TXN788596,BRDE03,Delhi,3145.65,SUCCESS,2024-04-04
TXN536608,BRDE03,Delhi,907.5,FAILED,2024-04-04
TXN399083,BRDE03,Delhi,233.02,FAILED,2024-04-04
TXN564556,BRDE03,Delhi,1427.58,SUCCESS,2024-04-04
TXN420800,BRDE03,Delhi,4262.12,SUCCESS,2024-04-04
TXN892646,BRDE03,Delhi,2996.92,SUCCESS,2024-04-04
TXN372343,BRDE03,Delhi,1026.92,FAILED,2024-04-04
TXN136618,BRDE03,Delhi,545.35,FAILED,2024-04-04
TXN576525,BRDE03,Delhi,3715.21,SUCCESS,2024-04-04
TXN717271,BRDE03,Delhi,2299.16,FAILED,2024-04-04
TXN845602,BRDE03,Delhi,2383.36,FAILED,2024-04-04
TXN946583,BRDE03,Delhi,1999.08,SUCCESS,2024-04-04
TXN470526,BRDE03,Delhi,2222.26,SUCCESS,2024-04-04
TXN306184,BRDE03,Delhi,2611.74,FAILED,2024-04-05
TXN218636,BRDE03,Delhi,2224.82,FAILED,2024-04-05
TXN983740,BRDE03,Delhi,2464.24,FAILED,2024-04-05
TXN750532,BRDE03,Delhi,4851.35,FAILED,2024-04-05
TXN621939,BRDE03,Delhi,428.32,FAILED,2024-04-05
TXN877401,BRDE03,Delhi,143.5,FAILED,2024-04-05
TXN528719,BRDE03,Delhi,1453.01,FAILED,2024-04-05
TXN949621,BRDE03,Delhi,328.82,SUCCESS,2024-04-05
TXN380811,BRDE03,Delhi,1521.27,FAILED,2024-04-05
TXN515658,BRDE03,Delhi,790.01,FAILED,2024-04-05
TXN165098,BRDE03,Delhi,1743.34,SUCCESS,2024-04-05
TXN745915,BRDE03,Delhi,2592.38,SUCCESS,2024-04-05
TXN901193,BRDE03,Delhi,4074.22,SUCCESS,2024-04-05
TXN269288,BRDE03,Delhi,1100.03,FAILED,2024-04-05
TXN986604,BRDE03,Delhi,2422.19,FAILED,2024-04-05
TXN438801,BRDE03,Delhi,971.66,FAILED,2024-04-05
TXN464326,BRDE03,Delhi,3887.71,FAILED,2024-04-05
TXN110678,BRDE03,Delhi,4753.94,SUCCESS,2024-04-05
TXN505730,BRDE03,Delhi,2039.04,SUCCESS,2024-04-05
TXN113276,BRDE03,Delhi,1442.63,SUCCESS,2024-04-05
TXN530604,BRDE03,Delhi,4077.5,SUCCESS,2024-04-06
TXN108508,BRDE03,Delhi,994.56,SUCCESS,2024-04-06
TXN154173,BRDE03,Delhi,3508.46,SUCCESS,2024-04-06
TXN406515,BRDE03,Delhi,4353.46,FAILED,2024-04-06
TXN682134,BRDE03,Delhi,856.34,SUCCESS,2024-04-06
TXN512624,BRDE03,Delhi,3840.76,SUCCESS,2024-04-06
TXN536797,BRDE03,Delhi,1881.78,FAILED,2024-04-06
TXN160332,BRDE03,Delhi,2690.02,FAILED,2024-04-06
TXN868050,BRDE03,Delhi,2485.59,FAILED,2024-04-06
TXN795926,BRDE03,Delhi,3192.34,FAILED,2024-04-06
TXN507961,BRDE03,Delhi,1490.99,SUCCESS,2024-04-06
TXN103946,BRDE03,Delhi,3640.17,SUCCESS,2024-04-06
TXN809650,BRDE03,Delhi,1165.83,FAILED,2024-04-06
TXN468523,BRDE03,Delhi,3127.8,SUCCESS,2024-04-06
TXN102312,BRDE03,Delhi,2937.57,SUCCESS,2024-04-06
TXN967736,BRDE03,Delhi,1630.77,SUCCESS,2024-04-06
TXN476105,BRDE03,Delhi,259.36,SUCCESS,2024-04-06
TXN601552,BRDE03,Delhi,2034.64,FAILED,2024-04-06
TXN237206,BRDE03,Delhi,1154.67,SUCCESS,2024-04-06
TXN214353,BRDE03,Delhi,2006.84,FAILED,2024-04-06
TXN293926,BRDE03,Delhi,4675.64,FAILED,2024-04-07
TXN199517,BRDE03,Delhi,975.2,SUCCESS,2024-04-07
TXN806303,BRDE03,Delhi,910.46,SUCCESS,2024-04-07
TXN853698,BRDE03,Delhi,3949.49,FAILED,2024-04-07
TXN240696,BRDE03,Delhi,2486.9,SUCCESS,2024-04-07
TXN304086,BRDE03,Delhi,894.11,SUCCESS,2024-04-07
TXN156648,BRDE03,Delhi,3325.57,FAILED,2024-04-07
TXN783202,BRDE03,Delhi,4902.88,SUCCESS,2024-04-07
TXN138667,BRDE03,Delhi,3925.56,SUCCESS,2024-04-07
TXN499256,BRDE03,Delhi,2777.73,SUCCESS,2024-04-07
TXN742298,BRDE03,Delhi,2677.4,FAILED,2024-04-07
TXN974291,BRDE03,Delhi,4573.73,SUCCESS,2024-04-07
TXN825946,BRDE03,Delhi,122.7,SUCCESS,2024-04-07
TXN788294,BRDE03,Delhi,4883.44,SUCCESS,2024-04-07
TXN556569,BRDE03,Delhi,2164.72,FAILED,2024-04-07
TXN536356,BRDE03,Delhi,1488.52,SUCCESS,2024-04-07
TXN232052,BRDE03,Delhi,4625.38,SUCCESS,2024-04-07
TXN538465,BRDE03,Delhi,2739.09,SUCCESS,2024-04-07
TXN267290,BRDE03,Delhi,2218.52,FAILED,2024-04-07
TXN680403,BRDE03,Delhi,4764.51,FAILED,2024-04-07
TXN946961,BRDE01,Delhi,2093.7,SUCCESS,2024-04-01
TXN292838,BRDE01,Delhi,2366.7,SUCCESS,2024-04-01
TXN415210,BRDE01,Delhi,4621.97,SUCCESS,2024-04-01
TXN754243,BRDE01,Delhi,2958.06,SUCCESS,2024-04-01
TXN729281,BRDE01,Delhi,4118.72,FAILED,2024-04-01
TXN581289,BRDE01,Delhi,2861.75,FAILED,2024-04-01
TXN507251,BRDE01,Delhi,557.54,FAILED,2024-04-01
TXN332705,BRDE01,Delhi,2811.71,SUCCESS,2024-04-01
TXN593444,BRDE01,Delhi,3759.68,FAILED,2024-04-01
TXN984436,BRDE01,Delhi,2970.3,SUCCESS,2024-04-01
TXN220845,BRDE01,Delhi,1883.38,SUCCESS,2024-04-01
TXN652250,BRDE01,Delhi,4007.4,SUCCESS,2024-04-01
TXN408482,BRDE01,Delhi,4030.97,SUCCESS,2024-04-01
TXN153518,BRDE01,Delhi,1123.46,FAILED,2024-04-01
TXN195037,BRDE01,Delhi,2743.36,FAILED,2024-04-01
TXN545773,BRDE01,Delhi,3115.18,FAILED,2024-04-01
TXN912165,BRDE01,Delhi,4783.91,FAILED,2024-04-01
TXN499879,BRDE01,Delhi,2776.71,SUCCESS,2024-04-01
TXN258423,BRDE01,Delhi,1224.08,SUCCESS,2024-04-01
TXN895559,BRDE01,Delhi,2475.12,SUCCESS,2024-04-01
TXN287763,BRDE01,Delhi,1332.31,SUCCESS,2024-04-02
TXN567744,BRDE01,Delhi,2544.67,FAILED,2024-04-02
TXN213879,BRDE01,Delhi,4937.06,SUCCESS,2024-04-02
TXN668975,BRDE01,Delhi,1984.87,FAILED,2024-04-02
TXN979953,BRDE01,Delhi,478.4,FAILED,2024-04-02
TXN133948,BRDE01,Delhi,2465.41,FAILED,2024-04-02
TXN769399,BRDE01,Delhi,2796.15,FAILED,2024-04-02
TXN163700,BRDE01,Delhi,4447.54,FAILED,2024-04-02
TXN312627,BRDE01,Delhi,4283.86,SUCCESS,2024-04-02
TXN314968,BRDE01,Delhi,573.26,FAILED,2024-04-02
TXN688215,BRDE01,Delhi,1754.54,SUCCESS,2024-04-02
TXN930170,BRDE01,Delhi,3714.54,FAILED,2024-04-02
TXN730377,BRDE01,Delhi,3280.32,SUCCESS,2024-04-02
TXN104263,BRDE01,Delhi,2353.06,FAILED,2024-04-02
TXN652359,BRDE01,Delhi,3402.6,FAILED,2024-04-02
TXN491194,BRDE01,Delhi,1202.48,SUCCESS,2024-04-02
TXN834694,BRDE01,Delhi,1789.31,SUCCESS,2024-04-02
TXN784460,BRDE01,Delhi,1986.74,FAILED,2024-04-02
TXN467367,BRDE01,Delhi,4486.72,FAILED,2024-04-02
TXN418215,BRDE01,Delhi,3639.98,FAILED,2024-04-02
TXN301622,BRDE01,Delhi,3112.26,SUCCESS,2024-04-03
TXN856653,BRDE01,Delhi,3324.81,SUCCESS,2024-04-03
TXN247428,BRDE01,Delhi,1606.19,SUCCESS,2024-04-03
TXN554831,BRDE01,Delhi,4812.44,SUCCESS,2024-04-03
TXN113409,BRDE01,Delhi,711.3,SUCCESS,2024-04-03
TXN281939,BRDE01,Delhi,2118.66,SUCCESS,2024-04-03
TXN428945,BRDE01,Delhi,3631.1,SUCCESS,2024-04-03
TXN866321,BRDE01,Delhi,4437.87,FAILED,2024-04-03
TXN578434,BRDE01,Delhi,2461.8,SUCCESS,2024-04-03
TXN522237,BRDE01,Delhi,800.81,FAILED,2024-04-03
TXN382216,BRDE01,Delhi,920.5,FAILED,2024-04-03
TXN509687,BRDE01,Delhi,959.26,SUCCESS,2024-04-03
TXN998939,BRDE01,Delhi,3028.41,FAILED,2024-04-03
TXN650757,BRDE01,Delhi,3945.53,FAILED,2024-04-03
TXN228371,BRDE01,Delhi,849.9,FAILED,2024-04-03
TXN143716,BRDE01,Delhi,3089.76,FAILED,2024-04-03
TXN862550,BRDE01,Delhi,2760.23,SUCCESS,2024-04-03
TXN247517,BRDE01,Delhi,458.02,SUCCESS,2024-04-03
TXN640489,BRDE01,Delhi,4294.38,SUCCESS,2024-04-03
TXN312265,BRDE01,Delhi,1776.96,SUCCESS,2024-04-03
TXN278085,BRDE01,Delhi,3671.68,SUCCESS,2024-04-04
TXN306914,BRDE01,Delhi,757.85,SUCCESS,2024-04-04
TXN929675,BRDE01,Delhi,604.83,SUCCESS,2024-04-04
TXN140531,BRDE01,Delhi,4998.05,SUCCESS,2024-04-04
TXN888785,BRDE01,Delhi,4382.4,FAILED,2024-04-04
TXN981840,BRDE01,Delhi,4606.59,SUCCESS,2024-04-04
TXN184563,BRDE01,Delhi,1501.25,SUCCESS,2024-04-04
TXN418741,BRDE01,Delhi,2073.59,FAILED,2024-04-04
TXN956472,BRDE01,Delhi,616.3,FAILED,2024-04-04
TXN598394,BRDE01,Delhi,1622.18,SUCCESS,2024-04-04
TXN371385,BRDE01,Delhi,4393.63,SUCCESS,2024-04-04
TXN179947,BRDE01,Delhi,2338.26,SUCCESS,2024-04-04
TXN432743,BRDE01,Delhi,2506.6,SUCCESS,2024-04-04
TXN231014,BRDE01,Delhi,1878.02,FAILED,2024-04-04
TXN401301,BRDE01,Delhi,641.92,SUCCESS,2024-04-04
TXN590256,BRDE01,Delhi,3910.92,SUCCESS,2024-04-04
TXN488155,BRDE01,Delhi,2019.61,FAILED,2024-04-04
TXN642451,BRDE01,Delhi,3737.64,FAILED,2024-04-04
TXN575231,BRDE01,Delhi,4036.77,SUCCESS,2024-04-04
TXN304709,BRDE01,Delhi,387.03,FAILED,2024-04-04
TXN974986,BRDE01,Delhi,613.15,FAILED,2024-04-05
TXN735141,BRDE01,Delhi,1056.55,SUCCESS,2024-04-05
TXN697984,BRDE01,Delhi,1938.36,FAILED,2024-04-05
TXN622489,BRDE01,Delhi,143.55,SUCCESS,2024-04-05
TXN435455,BRDE01,Delhi,2487.81,SUCCESS,2024-04-05
TXN895382,BRDE01,Delhi,3687.37,SUCCESS,2024-04-05
TXN988702,BRDE01,Delhi,944.1,FAILED,2024-04-05
TXN259633,BRDE01,Delhi,1443.24,FAILED,2024-04-05
TXN418792,BRDE01,Delhi,2219.4,SUCCESS,2024-04-05
TXN753736,BRDE01,Delhi,604.07,SUCCESS,2024-04-05
TXN908698,BRDE01,Delhi,1956.15,SUCCESS,2024-04-05
TXN802967,BRDE01,Delhi,1312.0,FAILED,2024-04-05
TXN306890,BRDE01,Delhi,2751.91,SUCCESS,2024-04-05
TXN120115,BRDE01,Delhi,2829.07,FAILED,2024-04-05
TXN671262,BRDE01,Delhi,4337.14,FAILED,2024-04-05
TXN734313,BRDE01,Delhi,3516.44,FAILED,2024-04-05
TXN227022,BRDE01,Delhi,4905.26,SUCCESS,2024-04-05
TXN808335,BRDE01,Delhi,3806.2,FAILED,2024-04-05
TXN247433,BRDE01,Delhi,1456.72,FAILED,2024-04-05
TXN719263,BRDE01,Delhi,3326.47,SUCCESS,2024-04-05
TXN967103,BRDE01,Delhi,303.5,SUCCESS,2024-04-06
TXN719061,BRDE01,Delhi,1250.23,FAILED,2024-04-06
TXN867289,BRDE01,Delhi,127.6,FAILED,2024-04-06
TXN563776,BRDE01,Delhi,2601.55,SUCCESS,2024-04-06
TXN359214,BRDE01,Delhi,696.6,SUCCESS,2024-04-06
TXN588034,BRDE01,Delhi,3938.48,SUCCESS,2024-04-06
TXN318582,BRDE01,Delhi,4848.68,SUCCESS,2024-04-06
TXN117904,BRDE01,Delhi,1033.31,FAILED,2024-04-06
TXN350770,BRDE01,Delhi,158.24,FAILED,2024-04-06
TXN641892,BRDE01,Delhi,3571.61,SUCCESS,2024-04-06
TXN977227,BRDE01,Delhi,1313.12,FAILED,2024-04-06
TXN527492,BRDE01,Delhi,3916.22,SUCCESS,2024-04-06
TXN696610,BRDE01,Delhi,2650.27,FAILED,2024-04-06
TXN786386,BRDE01,Delhi,3199.38,FAILED,2024-04-06
TXN617173,BRDE01,Delhi,1777.46,FAILED,2024-04-06
TXN482828,BRDE01,Delhi,1927.2,FAILED,2024-04-06
TXN987220,BRDE01,Delhi,3590.06,FAILED,2024-04-06
TXN703420,BRDE01,Delhi,3713.67,FAILED,2024-04-06
TXN260624,BRDE01,Delhi,2790.39,SUCCESS,2024-04-06
TXN897804,BRDE01,Delhi,1566.02,SUCCESS,2024-04-06
TXN683348,BRDE01,Delhi,4661.16,SUCCESS,2024-04-07
TXN407610,BRDE01,Delhi,2589.04,FAILED,2024-04-07
TXN937424,BRDE01,Delhi,4646.02,FAILED,2024-04-07
TXN886937,BRDE01,Delhi,220.49,SUCCESS,2024-04-07
TXN263900,BRDE01,Delhi,4103.41,SUCCESS,2024-04-07
TXN419895,BRDE01,Delhi,2653.3,FAILED,2024-04-07
TXN497032,BRDE01,Delhi,2741.99,FAILED,2024-04-07
TXN666325,BRDE01,Delhi,2547.54,FAILED,2024-04-07
TXN530191,BRDE01,Delhi,4719.85,FAILED,2024-04-07
TXN605909,BRDE01,Delhi,3155.99,FAILED,2024-04-07
TXN454645,BRDE01,Delhi,2961.35,SUCCESS,2024-04-07
TXN609161,BRDE01,Delhi,2192.5,SUCCESS,2024-04-07
TXN766484,BRDE01,Delhi,1686.53,SUCCESS,2024-04-07
TXN954359,BRDE01,Delhi,159.63,SUCCESS,2024-04-07
TXN251075,BRDE01,Delhi,4799.96,SUCCESS,2024-04-07
TXN911542,BRDE01,Delhi,866.11,SUCCESS,2024-04-07
TXN182496,BRDE01,Delhi,2243.14,FAILED,2024-04-07
TXN287453,BRDE01,Delhi,4636.18,FAILED,2024-04-07
TXN367800,BRDE01,Delhi,1678.12,SUCCESS,2024-04-07
TXN949492,BRDE01,Delhi,3131.6,FAILED,2024-04-07
